{
  "n_events_total": 22,
  "n_events_with_outcome": 18,
  "spec1_composite_adj": {
    "coef": -0.020004219906346005,
    "se": 0.015213551472530392,
    "p": 0.18854525651524634,
    "n": 18,
    "r2": 0.048771327655696806
  },
  "spec2_composite_raw": {
    "coef": -0.03523645081553675,
    "se": 0.016706962487591428,
    "p": 0.034937003426653894,
    "n": 18,
    "r2": 0.13185365481483757
  },
  "spec3_high_split": {
    "coef": -0.13329513694163128,
    "se": 0.1400165049338884,
    "p": 0.34109906732380824,
    "n": 18,
    "r2": 0.05360702081148783
  },
  "spec4_components": {
    "speed_score": {
      "coef": -0.017173588756442502,
      "se": 0.13861857296240726,
      "p": 0.9014016068033611
    },
    "depth_score": {
      "coef": -0.02629838632324772,
      "se": 0.2006970663927263,
      "p": 0.8957474378890489
    },
    "survival_score": {
      "coef": -0.21298954195312517,
      "se": 0.29816681049527305,
      "p": 0.47502305402538403
    },
    "coalition_score": {
      "coef": 0.08090686897461101,
      "se": 0.27229708085631293,
      "p": 0.766369399626001
    }
  }
}