{
  "region_means": {
    "wgi_cc_inv": {
      "Africa": 0.24933217058423907,
      "Asia": -0.34897394734637244,
      "LatAm": -0.5392320901560395
    },
    "lending_rate": {
      "Africa": 17.06604645487101,
      "Asia": 8.433940709024924,
      "LatAm": 30.48801368938111
    },
    "spread_bps": {
      "Africa": 1375.3163708650409,
      "Asia": 480.9566642141301,
      "LatAm": 2404.6591442126164
    },
    "rltir": {
      "Africa": 4.660912273703296,
      "Asia": 1.902215102881412,
      "LatAm": 4.390854982412275
    },
    "gdp_growth": {
      "Africa": 4.377873546651901,
      "Asia": 4.602282778701741,
      "LatAm": 2.775936601097844
    },
    "inflation": {
      "Africa": 13.914955223387954,
      "Asia": 4.297557779843519,
      "LatAm": 4.982356311722416
    }
  },
  "pooled_ols_log_spread": {
    "n": 246,
    "coef": 0.5309325562594682,
    "se": 0.21718241028852805,
    "p": 0.014499725815903317,
    "r2": 0.37485539999715745
  },
  "spread_attribution": {
    "africa_wgi_inv": 0.24933217058423907,
    "asia_wgi_inv": -0.34897394734637244,
    "africa_spread_bps": 1375.3163708650409,
    "asia_spread_bps": 480.9566642141301,
    "gap_total_bps": 894.3597066509108,
    "predicted_log_gap": 0.3176601966185784,
    "attributed_bps": 179.83418064359955,
    "attribution_share": 0.20107589743395382
  },
  "twfe_log_spread": {
    "n": 246,
    "coef": 0.11794999297870275,
    "se": 0.2110513996729205,
    "p": 0.5768584372717851,
    "r2_within": 0.09884376015061913
  },
  "did_events": [
    {
      "name": "Indonesia KPK",
      "country": "IDN",
      "year": 2003,
      "coef": -0.21752560123720502,
      "pct_change": -19.54929917185728,
      "se": 0.059323885505365624,
      "t": -3.666745685724355,
      "p": 0.000377322258485302,
      "n": 136
    },
    {
      "name": "Nigeria EFCC",
      "country": "NGA",
      "year": 2003,
      "coef": 0.03670502285235437,
      "pct_change": 3.738697025192206,
      "se": 0.06278701117742448,
      "t": 0.584595797188574,
      "p": 0.5599953086803326,
      "n": 136
    },
    {
      "name": "Brazil Lava Jato",
      "country": "BRA",
      "year": 2014,
      "coef": 0.24042400959415108,
      "pct_change": 27.178828644906528,
      "se": 0.05149597048970975,
      "t": 4.668792670723511,
      "p": 7.849499714662755e-06,
      "n": 147
    },
    {
      "name": "India Lokpal",
      "country": "IND",
      "year": 2014,
      "coef": 0.08953665902014789,
      "pct_change": 9.366742535366,
      "se": 0.05479352103688956,
      "t": 1.6340738343839525,
      "p": 0.10482129755353453,
      "n": 147
    },
    {
      "name": "Rwanda institutional rebuild (2003 proxy)",
      "country": "RWA",
      "year": 2003,
      "coef": 0.23020145387462398,
      "pct_change": 25.885358531909475,
      "se": 0.05888221583098464,
      "t": 3.909524304170102,
      "p": 0.00015883625632584497,
      "n": 136
    },
    {
      "name": "South Korea consolidation (2003 proxy)",
      "country": "KOR",
      "year": 2003,
      "coef": -0.17430902360708964,
      "pct_change": -15.996273380171788,
      "se": 0.06062259680876713,
      "t": -2.875314367626716,
      "p": 0.004832152925625222,
      "n": 136
    }
  ],
  "growth_gap": {
    "africa_avg_growth_pp": 2.3496420725655396,
    "asia_avg_growth_pp": 3.0786194176641453,
    "gap_pp": 0.7289773450986057,
    "share_capital": 0.5488751983180762,
    "share_human_capital": -0.10489370158935658,
    "share_tfp": 0.5560185032712865
  },
  "tfp_on_corruption": {
    "n": 250,
    "coef": -0.13662160040352225,
    "se": 0.052295019204314515,
    "t": -2.6125164974076633,
    "p": 0.009624956855929012
  },
  "levels_decomp": {
    "year_observed": 2019,
    "var_log_y": 0.9686257861786647,
    "share_capital": 0.41876543089786455,
    "share_human_capital": 0.03361016202979385,
    "share_tfp": 1.0574550522228205
  }
}